year,Winner,Loser
2023,Miami Heat (8),Milwaukee Bucks (1)
2023,New York Knicks (5),Cleveland Cavaliers (4)
2023,Philadelphia 76ers (3),Brooklyn Nets (6)
2023,Boston Celtics (2),Atlanta Hawks (7)
2023,Denver Nuggets (1),Minnesota Timberwolves (8)
2023,Phoenix Suns (4),Los Angeles Clippers (5)
2023,Golden State Warriors (6),Sacramento Kings (3)
2023,Los Angeles Lakers (7),Memphis Grizzlies (2)
2023,Miami Heat (8),New York Knicks (5)
2023,Boston Celtics (2),Philadelphia 76ers (3)
2023,Denver Nuggets (1),Phoenix Suns (4)
2023,Los Angeles Lakers (7),Golden State Warriors (6)
2023,Denver Nuggets (1),Los Angeles Lakers (7)
2023,Miami Heat (8),Boston Celtics (2)
2023,Denver Nuggets (1),Miami Heat (8)
2022,Milwaukee Bucks (3),Chicago Bulls (6)
2022,Memphis Grizzlies (2),Minnesota Timberwolves (7)
2022,Boston Celtics (2),Brooklyn Nets (7)
2022,Golden State Warriors (3),Denver Nuggets (6)
2022,Dallas Mavericks (4),Utah Jazz (5)
2022,Philadelphia 76ers (4),Toronto Raptors (5)
2022,Phoenix Suns (1),New Orleans Pelicans (8)
2022,Miami Heat (1),Atlanta Hawks (8)
2022,Boston Celtics (2),Milwaukee Bucks (3)
2022,Miami Heat (1),Philadelphia 76ers (4)
2022,Dallas Mavericks (4),Phoenix Suns (1)
2022,Golden State Warriors (3),Memphis Grizzlies (2)
2022,Golden State Warriors (3),Dallas Mavericks (4)
2022,Boston Celtics (2),Miami Heat (1)
2022,Golden State Warriors (3),Boston Celtics (2)
2021,Milwaukee Bucks (3),Miami Heat (6)
2021,Los Angeles Clippers (4),Dallas Mavericks (5)
2021,Brooklyn Nets (2),Boston Celtics (7)
2021,Denver Nuggets (3),Portland Trail Blazers (6)
2021,Philadelphia 76ers (1),Washington Wizards (8)
2021,Utah Jazz (1),Memphis Grizzlies (8)
2021,Atlanta Hawks (5),New York Knicks (4)
2021,Phoenix Suns (2),Los Angeles Lakers (7)
2021,Milwaukee Bucks (3),Brooklyn Nets (2)
2021,Atlanta Hawks (5),Philadelphia 76ers (1)
2021,Phoenix Suns (2),Denver Nuggets (3)
2021,Los Angeles Clippers (4),Utah Jazz (1)
2021,Phoenix Suns (2),Los Angeles Clippers (4)
2021,Milwaukee Bucks (3),Atlanta Hawks (5)
2021,Milwaukee Bucks (3),Phoenix Suns (2)
2020,Milwaukee Bucks (1),Orlando Magic (8)
2020,Toronto Raptors (2),Brooklyn Nets (7)
2020,Boston Celtics (3),Philadelphia 76ers (6)
2020,Miami Heat (5),Indiana Pacers (4)
2020,Los Angeles Lakers (1),Portland Trail Blazers (8)
2020,Los Angeles Clippers (2),Dallas Mavericks (7)
2020,Denver Nuggets (3),Utah Jazz (6)
2020,Houston Rockets (4),Oklahoma City Thunder (5)
2020,Boston Celtics (3),Toronto Raptors (2)
2020,Miami Heat (5),Milwaukee Bucks (1)
2020,Denver Nuggets (3),Los Angeles Clippers (2)
2020,Los Angeles Lakers (1),Houston Rockets (4)
2020,Miami Heat (5),Boston Celtics (3)
2020,Los Angeles Lakers (1),Denver Nuggets (3)
2020,Los Angeles Lakers (1),Miami Heat (5)
2019,Milwaukee Bucks (1),Detroit Pistons (8)
2019,Toronto Raptors (2),Orlando Magic (7)
2019,Philadelphia 76ers (3),Brooklyn Nets (6)
2019,Boston Celtics (4),Indiana Pacers (5)
2019,Golden State Warriors (1),Los Angeles Clippers (8)
2019,Denver Nuggets (2),San Antonio Spurs (7)
2019,Portland Trail Blazers (3),Oklahoma City Thunder (6)
2019,Houston Rockets (4),Utah Jazz (5)
2019,Milwaukee Bucks (1),Boston Celtics (4)
2019,Toronto Raptors (2),Philadelphia 76ers (3)
2019,Golden State Warriors (1),Houston Rockets (4)
2019,Portland Trail Blazers (3),Denver Nuggets (2)
2019,Toronto Raptors (2),Milwaukee Bucks (1)
2019,Golden State Warriors (1),Portland Trail Blazers (3)
2019,Toronto Raptors (2),Golden State Warriors (1)
2018,Toronto Raptors (1),Washington Wizards (8)
2018,Boston Celtics (2),Milwaukee Bucks (7)
2018,Philadelphia 76ers (3),Miami Heat (6)
2018,Cleveland Cavaliers (4),Indiana Pacers (5)
2018,Houston Rockets (1),Minnesota Timberwolves (8)
2018,Golden State Warriors (2),San Antonio Spurs (7)
2018,New Orleans Pelicans (6),Portland Trail Blazers (3)
2018,Utah Jazz (5),Oklahoma City Thunder (4)
2018,Golden State Warriors (2),New Orleans Pelicans (6)
2018,Houston Rockets (1),Utah Jazz (5)
2018,Boston Celtics (2),Philadelphia 76ers (3)
2018,Cleveland Cavaliers (4),Toronto Raptors (1)
2018,Cleveland Cavaliers (4),Boston Celtics (2)
2018,Golden State Warriors (2),Houston Rockets (1)
2018,Golden State Warriors (2),Cleveland Cavaliers (4)
2017,Boston Celtics (1),Chicago Bulls (8)
2017,Cleveland Cavaliers (2),Indiana Pacers (7)
2017,Toronto Raptors (3),Milwaukee Bucks (6)
2017,Washington Wizards (4),Atlanta Hawks (5)
2017,Golden State Warriors (1),Portland Trail Blazers (8)
2017,San Antonio Spurs (2),Memphis Grizzlies (7)
2017,Houston Rockets (3),Oklahoma City Thunder (6)
2017,Utah Jazz (5),Los Angeles Clippers (4)
2017,Cleveland Cavaliers (2),Toronto Raptors (3)
2017,Boston Celtics (1),Washington Wizards (4)
2017,Golden State Warriors (1),Utah Jazz (5)
2017,San Antonio Spurs (2),Houston Rockets (3)
2017,Golden State Warriors (1),San Antonio Spurs (2)
2017,Cleveland Cavaliers (2),Boston Celtics (1)
2017,Golden State Warriors (1),Cleveland Cavaliers (2)
2016,Cleveland Cavaliers (1),Detroit Pistons (8)
2016,Toronto Raptors (2),Indiana Pacers (7)
2016,Miami Heat (3),Charlotte Hornets (6)
2016,Atlanta Hawks (4),Boston Celtics (5)
2016,Golden State Warriors (1),Houston Rockets (8)
2016,San Antonio Spurs (2),Memphis Grizzlies (7)
2016,Oklahoma City Thunder (3),Dallas Mavericks (6)
2016,Portland Trail Blazers (5),Los Angeles Clippers (4)
2016,Cleveland Cavaliers (1),Atlanta Hawks (4)
2016,Toronto Raptors (2),Miami Heat (3)
2016,Golden State Warriors (1),Portland Trail Blazers (5)
2016,Oklahoma City Thunder (3),San Antonio Spurs (2)
2016,Cleveland Cavaliers (1),Toronto Raptors (2)
2016,Golden State Warriors (1),Oklahoma City Thunder (3)
2016,Cleveland Cavaliers (1),Golden State Warriors (1)
2015,Atlanta Hawks (1),Brooklyn Nets (8)
2015,Cleveland Cavaliers (2),Boston Celtics (7)
2015,Chicago Bulls (3),Milwaukee Bucks (6)
2015,Washington Wizards (5),Toronto Raptors (4)
2015,Golden State Warriors (1),New Orleans Pelicans (8)
2015,Houston Rockets (2),Dallas Mavericks (7)
2015,Los Angeles Clippers (3),San Antonio Spurs (6)
2015,Memphis Grizzlies (5),Portland Trail Blazers (4)
2015,Cleveland Cavaliers (2),Chicago Bulls (3)
2015,Atlanta Hawks (1),Washington Wizards (5)
2015,Houston Rockets (2),Los Angeles Clippers (3)
2015,Golden State Warriors (1),Memphis Grizzlies (5)
2015,Cleveland Cavaliers (2),Atlanta Hawks (1)
2015,Golden State Warriors (1),Houston Rockets (2)
2015,Golden State Warriors (1),Cleveland Cavaliers (2)
2014,Indiana Pacers (1),Atlanta Hawks (8)
2014,Miami Heat (2),Charlotte Bobcats (7)
2014,Brooklyn Nets (6),Toronto Raptors (3)
2014,Washington Wizards (5),Chicago Bulls (4)
2014,San Antonio Spurs (1),Dallas Mavericks (8)
2014,Oklahoma City Thunder (2),Memphis Grizzlies (7)
2014,Los Angeles Clippers (3),Golden State Warriors (6)
2014,Portland Trail Blazers (5),Houston Rockets (4)
2014,Indiana Pacers (1),Washington Wizards (5)
2014,Miami Heat (2),Brooklyn Nets (6)
2014,San Antonio Spurs (1),Portland Trail Blazers (5)
2014,Oklahoma City Thunder (2),Los Angeles Clippers (3)
2014,Miami Heat (2),Indiana Pacers (1)
2014,San Antonio Spurs (1),Oklahoma City Thunder (2)
2014,San Antonio Spurs (1),Miami Heat (2)
2013,Miami Heat (1),Milwaukee Bucks (8)
2013,New York Knicks (2),Boston Celtics (7)
2013,Indiana Pacers (3),Atlanta Hawks (6)
2013,Chicago Bulls (5),Brooklyn Nets (4)
2013,Oklahoma City Thunder (1),Houston Rockets (8)
2013,San Antonio Spurs (2),Los Angeles Lakers (7)
2013,Golden State Warriors (6),Denver Nuggets (3)
2013,Memphis Grizzlies (5),Los Angeles Clippers (4)
2013,Miami Heat (1),Chicago Bulls (5)
2013,Indiana Pacers (3),New York Knicks (2)
2013,Memphis Grizzlies (5),Oklahoma City Thunder (1)
2013,San Antonio Spurs (2),Golden State Warriors (6)
2013,Miami Heat (1),Indiana Pacers (3)
2013,San Antonio Spurs (2),Memphis Grizzlies (5)
2013,Miami Heat (1),San Antonio Spurs (2)
2012,Philadelphia 76ers (8),Chicago Bulls (1)
2012,Miami Heat (2),New York Knicks (7)
2012,Indiana Pacers (3),Orlando Magic (6)
2012,Boston Celtics (4),Atlanta Hawks (5)
2012,San Antonio Spurs (1),Utah Jazz (8)
2012,Oklahoma City Thunder (2),Dallas Mavericks (7)
2012,Los Angeles Lakers (3),Denver Nuggets (6)
2012,Los Angeles Clippers (5),Memphis Grizzlies (4)
2012,Miami Heat (2),Indiana Pacers (3)
2012,Boston Celtics (4),Philadelphia 76ers (8)
2012,San Antonio Spurs (1),Los Angeles Clippers (5)
2012,Oklahoma City Thunder (2),Los Angeles Lakers (3)
2012,Oklahoma City Thunder (2),San Antonio Spurs (1)
2012,Miami Heat (2),Boston Celtics (4)
2012,Miami Heat (2),Oklahoma City Thunder (2)
2011,Chicago Bulls (1),Indiana Pacers (8)
2011,Miami Heat (2),Philadelphia 76ers (7)
2011,Boston Celtics (3),New York Knicks (6)
2011,Atlanta Hawks (5),Orlando Magic (4)
2011,Memphis Grizzlies (8),San Antonio Spurs (1)
2011,Los Angeles Lakers (2),New Orleans Hornets (7)
2011,Dallas Mavericks (3),Portland Trail Blazers (6)
2011,Oklahoma City Thunder (4),Denver Nuggets (5)
2011,Chicago Bulls (1),Atlanta Hawks (5)
2011,Miami Heat (2),Boston Celtics (3)
2011,Dallas Mavericks (3),Los Angeles Lakers (2)
2011,Oklahoma City Thunder (4),Memphis Grizzlies (8)
2011,Miami Heat (2),Chicago Bulls (1)
2011,Dallas Mavericks (3),Oklahoma City Thunder (4)
2011,Dallas Mavericks (3),Miami Heat (2)
2010,Cleveland Cavaliers (1),Chicago Bulls (8)
2010,Orlando Magic (2),Charlotte Bobcats (7)
2010,Atlanta Hawks (3),Milwaukee Bucks (6)
2010,Boston Celtics (4),Miami Heat (5)
2010,Los Angeles Lakers (1),Oklahoma City Thunder (8)
2010,San Antonio Spurs (7),Dallas Mavericks (2)
2010,Phoenix Suns (3),Portland Trail Blazers (6)
2010,Utah Jazz (5),Denver Nuggets (4)
2010,Boston Celtics (4),Cleveland Cavaliers (1)
2010,Orlando Magic (2),Atlanta Hawks (3)
2010,Los Angeles Lakers (1),Utah Jazz (5)
2010,Phoenix Suns (3),San Antonio Spurs (7)
2010,Los Angeles Lakers (1),Phoenix Suns (3)
2010,Boston Celtics (4),Orlando Magic (2)
2010,Los Angeles Lakers (1),Boston Celtics (4)
2009,Cleveland Cavaliers (1),Detroit Pistons (8)
2009,Boston Celtics (2),Chicago Bulls (7)
2009,Orlando Magic (3),Philadelphia 76ers (6)
2009,Atlanta Hawks (4),Miami Heat (5)
2009,Los Angeles Lakers (1),Utah Jazz (8)
2009,Denver Nuggets (2),New Orleans Hornets (7)
2009,Dallas Mavericks (6),San Antonio Spurs (3)
2009,Houston Rockets (5),Portland Trail Blazers (4)
2009,Los Angeles Lakers (1),Houston Rockets (5)
2009,Denver Nuggets (2),Dallas Mavericks (6)
2009,Cleveland Cavaliers (1),Atlanta Hawks (4)
2009,Orlando Magic (3),Boston Celtics (2)
2009,Orlando Magic (3),Cleveland Cavaliers (1)
2009,Los Angeles Lakers (1),Denver Nuggets (2)
2009,Los Angeles Lakers (1),Orlando Magic (3)
2008,Boston Celtics (1),Atlanta Hawks (8)
2008,Detroit Pistons (2),Philadelphia 76ers (7)
2008,Orlando Magic (3),Toronto Raptors (6)
2008,Cleveland Cavaliers (4),Washington Wizards (5)
2008,Los Angeles Lakers (1),Denver Nuggets (8)
2008,New Orleans Hornets (2),Dallas Mavericks (7)
2008,San Antonio Spurs (3),Phoenix Suns (6)
2008,Utah Jazz (4),Houston Rockets (5)
2008,Boston Celtics (1),Cleveland Cavaliers (4)
2008,Detroit Pistons (2),Orlando Magic (3)
2008,Los Angeles Lakers (1),Utah Jazz (4)
2008,San Antonio Spurs (3),New Orleans Hornets (2)
2008,Boston Celtics (1),Detroit Pistons (2)
2008,Los Angeles Lakers (1),San Antonio Spurs (3)
2008,Boston Celtics (1),Los Angeles Lakers (1)
2007,Chicago Bulls (5),Miami Heat (4)
2007,Cleveland Cavaliers (2),Washington Wizards (7)
2007,Detroit Pistons (1),Orlando Magic (8)
2007,New Jersey Nets (6),Toronto Raptors (3)
2007,Golden State Warriors (8),Dallas Mavericks (1)
2007,Phoenix Suns (2),Los Angeles Lakers (7)
2007,San Antonio Spurs (3),Denver Nuggets (6)
2007,Utah Jazz (4),Houston Rockets (5)
2007,Cleveland Cavaliers (2),New Jersey Nets (6)
2007,Detroit Pistons (1),Chicago Bulls (5)
2007,San Antonio Spurs (3),Phoenix Suns (2)
2007,Utah Jazz (4),Golden State Warriors (8)
2007,Cleveland Cavaliers (2),Detroit Pistons (1)
2007,San Antonio Spurs (3),Utah Jazz (4)
2007,San Antonio Spurs (3),Cleveland Cavaliers (2)
2006,Cleveland Cavaliers (4),Washington Wizards (5)
2006,Detroit Pistons (1),Milwaukee Bucks (8)
2006,Miami Heat (2),Chicago Bulls (7)
2006,New Jersey Nets (3),Indiana Pacers (6)
2006,Dallas Mavericks (4),Memphis Grizzlies (5)
2006,Los Angeles Clippers (6),Denver Nuggets (3)
2006,Phoenix Suns (2),Los Angeles Lakers (7)
2006,San Antonio Spurs (1),Sacramento Kings (8)
2006,Detroit Pistons (1),Cleveland Cavaliers (4)
2006,Miami Heat (2),New Jersey Nets (3)
2006,Dallas Mavericks (4),San Antonio Spurs (1)
2006,Phoenix Suns (2),Los Angeles Clippers (6)
2006,Miami Heat (2),Detroit Pistons (1)
2006,Dallas Mavericks (4),Phoenix Suns (2)
2006,Miami Heat (2),Dallas Mavericks (4)
2005,Detroit Pistons (2),Philadelphia 76ers (7)
2005,Indiana Pacers (6),Boston Celtics (3)
2005,Miami Heat (1),New Jersey Nets (8)
2005,Washington Wizards (5),Chicago Bulls (4)
2005,Dallas Mavericks (4),Houston Rockets (5)
2005,Phoenix Suns (1),Memphis Grizzlies (8)
2005,San Antonio Spurs (2),Denver Nuggets (7)
2005,Seattle SuperSonics (3),Sacramento Kings (6)
2005,Detroit Pistons (2),Indiana Pacers (6)
2005,Miami Heat (1),Washington Wizards (5)
2005,Phoenix Suns (1),Dallas Mavericks (4)
2005,San Antonio Spurs (2),Seattle SuperSonics (3)
2005,Detroit Pistons (2),Miami Heat (1)
2005,San Antonio Spurs (2),Phoenix Suns (1)
2005,San Antonio Spurs (2),Detroit Pistons (2)
2004,Detroit Pistons (3),Milwaukee Bucks (6)
2004,Indiana Pacers (1),Boston Celtics (8)
2004,Miami Heat (4),New Orleans Hornets (5)
2004,New Jersey Nets (2),New York Knicks (7)
2004,Los Angeles Lakers (2),Houston Rockets (7)
2004,Minnesota Timberwolves (1),Denver Nuggets (8)
2004,Sacramento Kings (4),Dallas Mavericks (5)
2004,San Antonio Spurs (3),Memphis Grizzlies (6)
2004,Detroit Pistons (3),New Jersey Nets (2)
2004,Indiana Pacers (1),Miami Heat (4)
2004,Los Angeles Lakers (2),San Antonio Spurs (3)
2004,Minnesota Timberwolves (1),Sacramento Kings (4)
2004,Detroit Pistons (3),Indiana Pacers (1)
2004,Los Angeles Lakers (2),Minnesota Timberwolves (1)
2004,Detroit Pistons (3),Los Angeles Lakers (2)
2003,Boston Celtics (6),Indiana Pacers (3)
2003,Detroit Pistons (1),Orlando Magic (8)
2003,New Jersey Nets (2),Milwaukee Bucks (7)
2003,Philadelphia 76ers (4),New Orleans Hornets (5)
2003,Dallas Mavericks (3),Portland Trail Blazers (6)
2003,Los Angeles Lakers (5),Minnesota Timberwolves (4)
2003,Sacramento Kings (2),Utah Jazz (7)
2003,San Antonio Spurs (1),Phoenix Suns (8)
2003,Detroit Pistons (1),Philadelphia 76ers (4)
2003,New Jersey Nets (2),Boston Celtics (6)
2003,Dallas Mavericks (3),Sacramento Kings (2)
2003,San Antonio Spurs (1),Los Angeles Lakers (5)
2003,New Jersey Nets (2),Detroit Pistons (1)
2003,San Antonio Spurs (1),Dallas Mavericks (3)
2003,San Antonio Spurs (1),New Jersey Nets (2)
2002,Boston Celtics (3),Philadelphia 76ers (6)
2002,Charlotte Hornets (4),Orlando Magic (5)
2002,Detroit Pistons (2),Toronto Raptors (7)
2002,New Jersey Nets (1),Indiana Pacers (8)
2002,Dallas Mavericks (4),Minnesota Timberwolves (5)
2002,Los Angeles Lakers (3),Portland Trail Blazers (6)
2002,Sacramento Kings (1),Utah Jazz (8)
2002,San Antonio Spurs (2),Seattle SuperSonics (7)
2002,Boston Celtics (3),Detroit Pistons (2)
2002,New Jersey Nets (1),Charlotte Hornets (4)
2002,Los Angeles Lakers (3),San Antonio Spurs (2)
2002,Sacramento Kings (1),Dallas Mavericks (4)
2002,New Jersey Nets (1),Boston Celtics (3)
2002,Los Angeles Lakers (3),Sacramento Kings (1)
2002,Los Angeles Lakers (3),New Jersey Nets (1)
2001,Charlotte Hornets (6),Miami Heat (3)
2001,Milwaukee Bucks (2),Orlando Magic (7)
2001,Philadelphia 76ers (1),Indiana Pacers (8)
2001,Toronto Raptors (5),New York Knicks (4)
2001,Dallas Mavericks (5),Utah Jazz (4)
2001,Los Angeles Lakers (2),Portland Trail Blazers (7)
2001,Sacramento Kings (3),Phoenix Suns (6)
2001,San Antonio Spurs (1),Minnesota Timberwolves (8)
2001,Milwaukee Bucks (2),Charlotte Hornets (6)
2001,Philadelphia 76ers (1),Toronto Raptors (5)
2001,Los Angeles Lakers (2),Sacramento Kings (3)
2001,San Antonio Spurs (1),Dallas Mavericks (5)
2001,Philadelphia 76ers (1),Milwaukee Bucks (2)
2001,Los Angeles Lakers (2),San Antonio Spurs (1)
2001,Los Angeles Lakers (2),Philadelphia 76ers (1)
2000,Indiana Pacers (1),Milwaukee Bucks (8)
2000,Miami Heat (2),Detroit Pistons (7)
2000,New York Knicks (3),Toronto Raptors (6)
2000,Philadelphia 76ers (5),Charlotte Hornets (4)
2000,Los Angeles Lakers (1),Sacramento Kings (8)
2000,Phoenix Suns (5),San Antonio Spurs (4)
2000,Portland Trail Blazers (3),Minnesota Timberwolves (6)
2000,Utah Jazz (2),Seattle SuperSonics (7)
2000,Indiana Pacers (1),Philadelphia 76ers (5)
2000,New York Knicks (3),Miami Heat (2)
2000,Los Angeles Lakers (1),Phoenix Suns (5)
2000,Portland Trail Blazers (3),Utah Jazz (2)
2000,Indiana Pacers (1),New York Knicks (3)
2000,Los Angeles Lakers (1),Portland Trail Blazers (3)
2000,Los Angeles Lakers (1),Indiana Pacers (1)
1999,Atlanta Hawks (4),Detroit Pistons (5)
1999,Indiana Pacers (2),Milwaukee Bucks (7)
1999,New York Knicks (8),Miami Heat (1)
1999,Philadelphia 76ers (6),Orlando Magic (3)
1999,Los Angeles Lakers (4),Houston Rockets (5)
1999,Portland Trail Blazers (2),Phoenix Suns (7)
1999,San Antonio Spurs (1),Minnesota Timberwolves (8)
1999,Utah Jazz (3),Sacramento Kings (6)
1999,Indiana Pacers (2),Philadelphia 76ers (6)
1999,New York Knicks (8),Atlanta Hawks (4)
1999,Portland Trail Blazers (2),Utah Jazz (3)
1999,San Antonio Spurs (1),Los Angeles Lakers (4)
1999,New York Knicks (8),Indiana Pacers (2)
1999,San Antonio Spurs (1),Portland Trail Blazers (2)
1999,San Antonio Spurs (1),New York Knicks (8)
1998,Charlotte Hornets (4),Atlanta Hawks (5)
1998,Chicago Bulls (1),New Jersey Nets (8)
1998,Indiana Pacers (3),Cleveland Cavaliers (6)
1998,New York Knicks (7),Miami Heat (2)
1998,Los Angeles Lakers (3),Portland Trail Blazers (6)
1998,San Antonio Spurs (5),Phoenix Suns (4)
1998,Seattle SuperSonics (2),Minnesota Timberwolves (7)
1998,Utah Jazz (1),Houston Rockets (8)
1998,Chicago Bulls (1),Charlotte Hornets (4)
1998,Indiana Pacers (3),New York Knicks (7)
1998,Los Angeles Lakers (3),Seattle SuperSonics (2)
1998,Utah Jazz (1),San Antonio Spurs (5)
1998,Chicago Bulls (1),Indiana Pacers (3)
1998,Utah Jazz (1),Los Angeles Lakers (3)
1998,Chicago Bulls (1),Utah Jazz (1)
1997,Atlanta Hawks (4),Detroit Pistons (5)
1997,Chicago Bulls (1),Washington Bullets (8)
1997,Miami Heat (2),Orlando Magic (7)
1997,New York Knicks (3),Charlotte Hornets (6)
1997,Houston Rockets (3),Minnesota Timberwolves (6)
1997,Los Angeles Lakers (4),Portland Trail Blazers (5)
1997,Seattle SuperSonics (2),Phoenix Suns (7)
1997,Utah Jazz (1),Los Angeles Clippers (8)
1997,Chicago Bulls (1),Atlanta Hawks (4)
1997,Miami Heat (2),New York Knicks (3)
1997,Houston Rockets (3),Seattle SuperSonics (2)
1997,Utah Jazz (1),Los Angeles Lakers (4)
1997,Chicago Bulls (1),Miami Heat (2)
1997,Utah Jazz (1),Houston Rockets (3)
1997,Chicago Bulls (1),Utah Jazz (1)
1996,Atlanta Hawks (6),Indiana Pacers (3)
1996,Chicago Bulls (1),Miami Heat (8)
1996,New York Knicks (5),Cleveland Cavaliers (4)
1996,Orlando Magic (2),Detroit Pistons (7)
1996,Houston Rockets (5),Los Angeles Lakers (4)
1996,San Antonio Spurs (2),Phoenix Suns (7)
1996,Seattle SuperSonics (1),Sacramento Kings (8)
1996,Utah Jazz (3),Portland Trail Blazers (6)
1996,Chicago Bulls (1),New York Knicks (5)
1996,Orlando Magic (2),Atlanta Hawks (6)
1996,Seattle SuperSonics (1),Houston Rockets (5)
1996,Utah Jazz (3),San Antonio Spurs (2)
1996,Chicago Bulls (1),Orlando Magic (2)
1996,Seattle SuperSonics (1),Utah Jazz (3)
1996,Chicago Bulls (1),Seattle SuperSonics (1)
1995,Chicago Bulls (5),Charlotte Hornets (4)
1995,Indiana Pacers (2),Atlanta Hawks (7)
1995,New York Knicks (3),Cleveland Cavaliers (6)
1995,Orlando Magic (1),Boston Celtics (8)
1995,Houston Rockets (6),Utah Jazz (3)
1995,Los Angeles Lakers (5),Seattle SuperSonics (4)
1995,Phoenix Suns (2),Portland Trail Blazers (7)
1995,San Antonio Spurs (1),Denver Nuggets (8)
1995,Indiana Pacers (2),New York Knicks (3)
1995,Orlando Magic (1),Chicago Bulls (5)
1995,Houston Rockets (6),Phoenix Suns (2)
1995,San Antonio Spurs (1),Los Angeles Lakers (5)
1995,Orlando Magic (1),Indiana Pacers (2)
1995,Houston Rockets (6),San Antonio Spurs (1)
1995,Houston Rockets (6),Orlando Magic (1)
1994,Atlanta Hawks (1),Miami Heat (8)
1994,Chicago Bulls (3),Cleveland Cavaliers (6)
1994,Indiana Pacers (5),Orlando Magic (4)
1994,New York Knicks (2),New Jersey Nets (7)
1994,Denver Nuggets (8),Seattle SuperSonics (1)
1994,Houston Rockets (2),Portland Trail Blazers (7)
1994,Phoenix Suns (3),Golden State Warriors (6)
1994,Utah Jazz (5),San Antonio Spurs (4)
1994,Indiana Pacers (5),Atlanta Hawks (1)
1994,New York Knicks (2),Chicago Bulls (3)
1994,Houston Rockets (2),Phoenix Suns (3)
1994,Utah Jazz (5),Denver Nuggets (8)
1994,New York Knicks (2),Indiana Pacers (5)
1994,Houston Rockets (2),Utah Jazz (5)
1994,Houston Rockets (2),New York Knicks (2)
1993,Charlotte Hornets (5),Boston Celtics (4)
1993,Chicago Bulls (2),Atlanta Hawks (7)
1993,Cleveland Cavaliers (3),New Jersey Nets (6)
1993,New York Knicks (1),Indiana Pacers (8)
1993,Houston Rockets (2),Los Angeles Clippers (7)
1993,Phoenix Suns (1),Los Angeles Lakers (8)
1993,San Antonio Spurs (5),Portland Trail Blazers (4)
1993,Seattle SuperSonics (3),Utah Jazz (6)
1993,Chicago Bulls (2),Cleveland Cavaliers (3)
1993,New York Knicks (1),Charlotte Hornets (5)
1993,Phoenix Suns (1),San Antonio Spurs (5)
1993,Seattle SuperSonics (3),Houston Rockets (2)
1993,Chicago Bulls (2),New York Knicks (1)
1993,Phoenix Suns (1),Seattle SuperSonics (3)
1993,Chicago Bulls (2),Phoenix Suns (1)
1992,Boston Celtics (2),Indiana Pacers (7)
1992,Chicago Bulls (1),Miami Heat (8)
1992,Cleveland Cavaliers (3),New Jersey Nets (6)
1992,New York Knicks (4),Detroit Pistons (5)
1992,Phoenix Suns (4),San Antonio Spurs (5)
1992,Portland Trail Blazers (1),Los Angeles Lakers (8)
1992,Seattle SuperSonics (6),Golden State Warriors (3)
1992,Utah Jazz (2),Los Angeles Clippers (7)
1992,Chicago Bulls (1),New York Knicks (4)
1992,Cleveland Cavaliers (3),Boston Celtics (2)
1992,Portland Trail Blazers (1),Phoenix Suns (4)
1992,Utah Jazz (2),Seattle SuperSonics (6)
1992,Chicago Bulls (1),Cleveland Cavaliers (3)
1992,Portland Trail Blazers (1),Utah Jazz (2)
1992,Chicago Bulls (1),Portland Trail Blazers (1)
1991,Boston Celtics (2),Indiana Pacers (7)
1991,Chicago Bulls (1),New York Knicks (8)
1991,Detroit Pistons (3),Atlanta Hawks (6)
1991,Philadelphia 76ers (5),Milwaukee Bucks (4)
1991,Golden State Warriors (7),San Antonio Spurs (2)
1991,Los Angeles Lakers (3),Houston Rockets (6)
1991,Portland Trail Blazers (1),Seattle SuperSonics (8)
1991,Utah Jazz (5),Phoenix Suns (4)
1991,Chicago Bulls (1),Philadelphia 76ers (5)
1991,Detroit Pistons (3),Boston Celtics (2)
1991,Los Angeles Lakers (3),Golden State Warriors (7)
1991,Portland Trail Blazers (1),Utah Jazz (5)
1991,Chicago Bulls (1),Detroit Pistons (3)
1991,Los Angeles Lakers (3),Portland Trail Blazers (1)
1991,Chicago Bulls (1),Los Angeles Lakers (3)
1990,Chicago Bulls (3),Milwaukee Bucks (6)
1990,Detroit Pistons (1),Indiana Pacers (8)
1990,New York Knicks (5),Boston Celtics (4)
1990,Philadelphia 76ers (2),Cleveland Cavaliers (7)
1990,Los Angeles Lakers (1),Houston Rockets (8)
1990,Phoenix Suns (5),Utah Jazz (4)
1990,Portland Trail Blazers (3),Dallas Mavericks (6)
1990,San Antonio Spurs (2),Denver Nuggets (7)
1990,Chicago Bulls (3),Philadelphia 76ers (2)
1990,Detroit Pistons (1),New York Knicks (5)
1990,Phoenix Suns (5),Los Angeles Lakers (1)
1990,Portland Trail Blazers (3),San Antonio Spurs (2)
1990,Detroit Pistons (1),Chicago Bulls (3)
1990,Portland Trail Blazers (3),Phoenix Suns (5)
1990,Detroit Pistons (1),Portland Trail Blazers (3)
1989,Chicago Bulls (6),Cleveland Cavaliers (3)
1989,Detroit Pistons (1),Boston Celtics (8)
1989,Milwaukee Bucks (5),Atlanta Hawks (4)
1989,New York Knicks (2),Philadelphia 76ers (7)
1989,Golden State Warriors (7),Utah Jazz (2)
1989,Los Angeles Lakers (1),Portland Trail Blazers (8)
1989,Phoenix Suns (3),Denver Nuggets (6)
1989,Seattle SuperSonics (4),Houston Rockets (5)
1989,Chicago Bulls (6),New York Knicks (2)
1989,Detroit Pistons (1),Milwaukee Bucks (5)
1989,Los Angeles Lakers (1),Seattle SuperSonics (4)
1989,Phoenix Suns (3),Golden State Warriors (7)
1989,Detroit Pistons (1),Chicago Bulls (6)
1989,Los Angeles Lakers (1),Phoenix Suns (3)
1989,Detroit Pistons (1),Los Angeles Lakers (1)
1988,Atlanta Hawks (4),Milwaukee Bucks (5)
1988,Boston Celtics (1),New York Knicks (8)
1988,Chicago Bulls (3),Cleveland Cavaliers (6)
1988,Detroit Pistons (2),Washington Bullets (7)
1988,Dallas Mavericks (3),Houston Rockets (6)
1988,Denver Nuggets (2),Seattle SuperSonics (7)
1988,Los Angeles Lakers (1),San Antonio Spurs (8)
1988,Utah Jazz (5),Portland Trail Blazers (4)
1988,Boston Celtics (1),Atlanta Hawks (4)
1988,Detroit Pistons (2),Chicago Bulls (3)
1988,Dallas Mavericks (3),Denver Nuggets (2)
1988,Los Angeles Lakers (1),Utah Jazz (5)
1988,Detroit Pistons (2),Boston Celtics (1)
1988,Los Angeles Lakers (1),Dallas Mavericks (3)
1988,Los Angeles Lakers (1),Detroit Pistons (2)
1987,Atlanta Hawks (2),Indiana Pacers (7)
1987,Boston Celtics (1),Chicago Bulls (8)
1987,Detroit Pistons (3),Washington Bullets (6)
1987,Milwaukee Bucks (4),Philadelphia 76ers (5)
1987,Golden State Warriors (5),Utah Jazz (4)
1987,Houston Rockets (6),Portland Trail Blazers (3)
1987,Los Angeles Lakers (1),Denver Nuggets (8)
1987,Seattle SuperSonics (7),Dallas Mavericks (2)
1987,Boston Celtics (1),Milwaukee Bucks (4)
1987,Detroit Pistons (3),Atlanta Hawks (2)
1987,Los Angeles Lakers (1),Golden State Warriors (5)
1987,Seattle SuperSonics (7),Houston Rockets (6)
1987,Boston Celtics (1),Detroit Pistons (3)
1987,Los Angeles Lakers (1),Seattle SuperSonics (7)
1987,Los Angeles Lakers (1),Boston Celtics (1)
1986,Atlanta Hawks (4),Detroit Pistons (5)
1986,Boston Celtics (1),Chicago Bulls (8)
1986,Milwaukee Bucks (2),New Jersey Nets (7)
1986,Philadelphia 76ers (3),Washington Bullets (6)
1986,Dallas Mavericks (4),Utah Jazz (5)
1986,Denver Nuggets (3),Portland Trail Blazers (6)
1986,Houston Rockets (2),Sacramento Kings (7)
1986,Los Angeles Lakers (1),San Antonio Spurs (8)
1986,Boston Celtics (1),Atlanta Hawks (4)
1986,Milwaukee Bucks (2),Philadelphia 76ers (3)
1986,Houston Rockets (2),Denver Nuggets (3)
1986,Los Angeles Lakers (1),Dallas Mavericks (4)
1986,Boston Celtics (1),Milwaukee Bucks (2)
1986,Houston Rockets (2),Los Angeles Lakers (1)
1986,Boston Celtics (1),Houston Rockets (2)
1985,Boston Celtics (1),Cleveland Cavaliers (8)
1985,Detroit Pistons (4),New Jersey Nets (5)
1985,Milwaukee Bucks (2),Chicago Bulls (7)
1985,Philadelphia 76ers (3),Washington Bullets (6)
1985,Denver Nuggets (2),San Antonio Spurs (7)
1985,Los Angeles Lakers (1),Phoenix Suns (8)
1985,Portland Trail Blazers (5),Dallas Mavericks (4)
1985,Utah Jazz (6),Houston Rockets (3)
1985,Boston Celtics (1),Detroit Pistons (4)
1985,Philadelphia 76ers (3),Milwaukee Bucks (2)
1985,Denver Nuggets (2),Utah Jazz (6)
1985,Los Angeles Lakers (1),Portland Trail Blazers (5)
1985,Boston Celtics (1),Philadelphia 76ers (3)
1985,Los Angeles Lakers (1),Denver Nuggets (2)
1985,Los Angeles Lakers (1),Boston Celtics (1)
1984,Boston Celtics (1),Washington Bullets (8)
1984,Milwaukee Bucks (2),Atlanta Hawks (7)
1984,New Jersey Nets (6),Philadelphia 76ers (3)
1984,New York Knicks (5),Detroit Pistons (4)
1984,Dallas Mavericks (4),Seattle SuperSonics (5)
1984,Los Angeles Lakers (1),Kansas City Kings (8)
1984,Phoenix Suns (6),Portland Trail Blazers (3)
1984,Utah Jazz (2),Denver Nuggets (7)
1984,Boston Celtics (1),New York Knicks (5)
1984,Milwaukee Bucks (2),New Jersey Nets (6)
1984,Los Angeles Lakers (1),Dallas Mavericks (4)
1984,Phoenix Suns (6),Utah Jazz (2)
1984,Boston Celtics (1),Milwaukee Bucks (2)
1984,Los Angeles Lakers (1),Phoenix Suns (6)
1984,Boston Celtics (1),Los Angeles Lakers (1)
1983,Boston Celtics (3),Atlanta Hawks (6)
1983,New York Knicks (5),New Jersey Nets (4)
1983,Denver Nuggets (6),Phoenix Suns (3)
1983,Portland Trail Blazers (5),Seattle SuperSonics (4)
1983,Milwaukee Bucks (2),Boston Celtics (3)
1983,Philadelphia 76ers (1),New York Knicks (5)
1983,Los Angeles Lakers (1),Portland Trail Blazers (5)
1983,San Antonio Spurs (2),Denver Nuggets (6)
1983,Philadelphia 76ers (1),Milwaukee Bucks (2)
1983,Los Angeles Lakers (1),San Antonio Spurs (2)
1983,Philadelphia 76ers (1),Los Angeles Lakers (1)
1982,Philadelphia 76ers (3),Atlanta Hawks (6)
1982,Washington Bullets (5),New Jersey Nets (4)
1982,Phoenix Suns (5),Denver Nuggets (4)
1982,Seattle SuperSonics (3),Houston Rockets (6)
1982,Boston Celtics (1),Washington Bullets (5)
1982,Philadelphia 76ers (3),Milwaukee Bucks (2)
1982,Los Angeles Lakers (1),Phoenix Suns (5)
1982,San Antonio Spurs (2),Seattle SuperSonics (3)
1982,Philadelphia 76ers (3),Boston Celtics (1)
1982,Los Angeles Lakers (1),San Antonio Spurs (2)
1982,Los Angeles Lakers (1),Philadelphia 76ers (3)
1981,Chicago Bulls (5),New York Knicks (4)
1981,Philadelphia 76ers (3),Indiana Pacers (6)
1981,Houston Rockets (6),Los Angeles Lakers (3)
1981,Kansas City Kings (5),Portland Trail Blazers (4)
1981,Boston Celtics (1),Chicago Bulls (5)
1981,Philadelphia 76ers (3),Milwaukee Bucks (2)
1981,Houston Rockets (6),San Antonio Spurs (2)
1981,Kansas City Kings (5),Phoenix Suns (1)
1981,Boston Celtics (1),Philadelphia 76ers (3)
1981,Houston Rockets (6),Kansas City Kings (5)
1981,Boston Celtics (1),Houston Rockets (6)
1980,Houston Rockets (4),San Antonio Spurs (5)
1980,Philadelphia 76ers (3),Washington Bullets (6)
1980,Phoenix Suns (4),Kansas City Kings (5)
1980,Seattle SuperSonics (3),Portland Trail Blazers (6)
1980,Boston Celtics (1),Houston Rockets (4)
1980,Philadelphia 76ers (3),Atlanta Hawks (2)
1980,Los Angeles Lakers (1),Phoenix Suns (4)
1980,Seattle SuperSonics (3),Milwaukee Bucks (2)
1980,Philadelphia 76ers (3),Boston Celtics (1)
1980,Los Angeles Lakers (1),Seattle SuperSonics (3)
1980,Los Angeles Lakers (1),Philadelphia 76ers (3)
1979,Atlanta Hawks (5),Houston Rockets (4)
1979,Philadelphia 76ers (3),New Jersey Nets (6)
1979,Los Angeles Lakers (5),Denver Nuggets (4)
1979,Phoenix Suns (3),Portland Trail Blazers (6)
1979,San Antonio Spurs (2),Philadelphia 76ers (3)
1979,Washington Bullets (1),Atlanta Hawks (5)
1979,Phoenix Suns (3),Kansas City Kings (2)
1979,Seattle SuperSonics (1),Los Angeles Lakers (5)
1979,Washington Bullets (1),San Antonio Spurs (2)
1979,Seattle SuperSonics (1),Phoenix Suns (3)
1979,Seattle SuperSonics (1),Washington Bullets (1)
1978,New York Knicks (5),Cleveland Cavaliers (4)
1978,Washington Bullets (3),Atlanta Hawks (6)
1978,Milwaukee Bucks (6),Phoenix Suns (3)
1978,Seattle SuperSonics (4),Los Angeles Lakers (5)
1978,Philadelphia 76ers (1),New York Knicks (5)
1978,Washington Bullets (3),San Antonio Spurs (2)
1978,Denver Nuggets (2),Milwaukee Bucks (6)
1978,Seattle SuperSonics (4),Portland Trail Blazers (1)
1978,Washington Bullets (3),Philadelphia 76ers (1)
1978,Seattle SuperSonics (4),Denver Nuggets (2)
1978,Washington Bullets (3),Seattle SuperSonics (4)
1977,Boston Celtics (4),San Antonio Spurs (5)
1977,Washington Bullets (3),Cleveland Cavaliers (6)
1977,Golden State Warriors (4),Detroit Pistons (5)
1977,Portland Trail Blazers (3),Chicago Bulls (6)
1977,Houston Rockets (2),Washington Bullets (3)
1977,Philadelphia 76ers (1),Boston Celtics (4)
1977,Los Angeles Lakers (1),Golden State Warriors (4)
1977,Portland Trail Blazers (3),Denver Nuggets (2)
1977,Philadelphia 76ers (1),Houston Rockets (2)
1977,Portland Trail Blazers (3),Los Angeles Lakers (1)
1977,Portland Trail Blazers (3),Philadelphia 76ers (1)
1976,Buffalo Braves (5),Philadelphia 76ers (4)
1976,Detroit Pistons (5),Milwaukee Bucks (4)
1976,Boston Celtics (1),Buffalo Braves (5)
1976,Cleveland Cavaliers (2),Washington Bullets (3)
1976,Golden State Warriors (1),Detroit Pistons (5)
1976,Phoenix Suns (3),Seattle SuperSonics (2)
1976,Boston Celtics (1),Cleveland Cavaliers (2)
1976,Phoenix Suns (3),Golden State Warriors (1)
1976,Boston Celtics (1),Phoenix Suns (3)
